codigo_iccs,glosa_iccs,descripcion,inclusiones,exclusiones,notas
101,"Homicidio intencional","Muerte ilícita causada a una persona con la intención de causarle la muerte o lesiones graves.","Asesinato ; asesinato por honor; agresión grave que causa la muerte; muerte como resultado de actividades terroristas; asesinato por motivos de dote; feminicidio; infanticidio; homicidio voluntario; ejecuciones extrajudiciales, muertes causadas por el uso excesivo de la fuerza por funcionarios encargados de hacer cumplir la ley u otros funcionarios estatales","Muerte por intervención legal; homicidio justificable en defensa propia, tentativa de homicidio intencional (0102); el homicidio sin el elemento de la intención es homicidio no intencional (0103); homicidio no culposo o involuntario (01031); suicidio asistido o incitación al suicidio (0104); feticidio ilegal (0106); eutanasia (0105)","36 Por asesinato se entiende la agresión mortal ilícita contra una persona con el propósito de causarle la muerte o lesiones graves, incluso cuando sea premeditada o con intención dolosa. 37 El asesinato por honor es el asesinato de una persona por sus familiares u otras personas allegadas, motivado por la intención de vengar un hecho que se perciba como deshonra para la familia... 38 Por agresión grave que causa la muerte se entiende la muerte ilícita debido a una agresión, cometida a sabiendas de que podría acarrear la muerte o lesiones graves. 39 La muerte como resultado de actividades terroristas se refiere a las muertes causadas por un acto cometido con la intención de ocasionar la muerte o lesiones corporales graves a una persona que no es combatiente... 40 El asesinato por motivos de dote se refiere al asesinato de una mujer en relación con la entrega o adquisición de una dote en cualquier momento antes, durante o después del matrimonio. 41 Por feminicidio se entiende el asesinato de una mujer por motivos de misoginia o de género. 42 El infanticidio se refiere al homicidio de un niño menor de un año. 43 El homicidio voluntario es la muerte ilícita causada a una persona con la intención de causarle la muerte en circunstancias de responsabilidad disminuida, como sucede en los casos de provocación."
102,"Tentativa de homicidio intencional","Intento de causar la muerte ilícitamente a una persona con la intención de matarla u ocasionarle lesiones graves.","Tentativa de asesinato; intento de provocar la muerte como resultado de actividades terroristas; tentativa de infanticidio; tentativa de feminicidio","Conspiración para conseguir o cometer un feticidio ilegal (0106); Agresión grave que causa la muerte (0101); homicidio voluntario (0101)",""
103,"Homicidio no intencional","Muerte ilícita de una persona causada de manera no intencional por otra persona.","Homicidio involuntario, causar la muerte por conducir un vehículo de forma peligrosa; aplicar todas las inclusiones enumeradas en 01031 y 01032","Agresión grave que causa la muerte (0101); homicidio voluntario (0101)",""
1031,"Homicidio no culposo","Agresión mortal ilícita contra una persona cuando existe la intención general de causar daño pero no de provocar la muerte ni lesiones graves.","Homicidio involuntario; lesiones corporales que causen la muerte cuando no había intención de causar daños graves","Aplicar todas las exclusiones enumeradas en 0103","33 El homicidio no culposo o involuntario es la muerte ilícita causada a una persona cuando existe la intención general de causar daño pero no de provocar la muerte ni lesiones graves."
1032,"Homicidio culposo","Muerte no intencional como resultado de un acto negligente o involuntario que no esté dirigido intencionalmente a la víctima","Homicidio por negligencia grave; homicidio empresarial; homicidio culposo por tránsito vehicular, aplicar todas las inclusiones enumeradas en 010321 y 010322","Actos negligentes que no llegan a causar la muerte (0206); aplicar todas las exclusiones enumeradas en 0103",""
10321,"Homicidio por tránsito vehicular","Muerte no intencional como resultado de un comportamiento negligente, temerario o descuidado durante la utilización de un vehículo que no esté dirigido intencionalmente a la víctima. - Negligencia, tal como se define en la nota 48.","Causar la muerte por conducir de forma peligrosa; causar la muerte debido a infracciones de las normas de seguridad del tránsito; causar la muerte por utilizar un vehículo bajo la influencia de drogas o alcohol; homicidio culposo por tránsito vehicular","Negligencia relacionada con el tráfico que no llega a causar a la muerte (02063); conducción de un vehículo bajo los efectos de sustancias psicoactivas que no llega a causar a la muerte (02072); aplicar todas las exclusiones enumeradas en 01032","48 La negligencia se refiere al hecho de no ejercer el cuidado que tendría hacia el prójimo una persona razonable o prudente en determinadas circunstancias, o proceder de una manera en que una persona razonable no procedería. 49 Un vehículo es, como mínimo, un dispositivo o estructura para el transporte de personas u objetos e incluye automóviles, motocicletas, camiones, autobuses, trenes, embarcaciones, aeronaves, bicicletas, caballos, tractores, etc."
10322,"Homicidio no ocasionado por tránsito vehicular","Muerte no intencional como resultado de un acto negligente o involuntario que no esté dirigido intencionalmente a la víctima. - Negligencia, tal como se define en la nota 48.","Homicidio por negligencia grave; negligencia profesional que cause la muerte","Aplicar todas las exclusiones enumeradas en 01032","48 La negligencia se refiere al hecho de no ejercer el cuidado que tendría hacia el prójimo una persona razonable o prudente en determinadas circunstancias, o proceder de una manera en que una persona razonable no procedería."
104,"Suicidio asistido o incitación al suicidio","Actos ilícitos para facilitar o instigar intencionalmente el suicidio de una persona.","Aplicar todas las inclusiones enumeradas en 01041 a 01049","Muerte de una persona causada por otra persona con la intención de provocar la muerte sin dolor o poner fin a un sufrimiento imposible de aliviar (0105); omisión del deber de socorro que acarree la muerte (0109)",""
1041,"Suicidio asistido","Muerte intencional de una persona que desea morir, autoinfligida y facilitada por otra persona que la ayuda a morir o le proporciona los conocimientos o los medios necesarios.","Suicidio asistido por médicos que no equivale a eutanasia, suicidio asistido","Muerte de una persona causada por otra persona con la intención de provocar la muerte sin dolor o poner fin a un sufrimiento imposible de aliviar (0105); omisión del deber de socorro que acarree la muerte (0109)",""
1042,"Otros actos de suicidio asistido o incitación al suicidio","Actos conducentes al suicidio de otra persona que no se describen en 01041.","Incitación al suicidio mediante persuasión u otros medios","",""
105,"Eutanasia","Muerte de una persona causada por otra persona, con o sin consentimiento de la persona que va a morir, con la intención de provocar la muerte sin dolor, poner fin a un sufrimiento imposible de aliviar, o no hacer el intento de evitar la muerte por causas naturales en casos de enfermedades terminales o coma irreversibles","Eutanasia no voluntaria; eutanasia involuntaria","Facilitar la muerte de una persona que desea morir (0104)",""
106,"Feticidio ilegal","Muerte ilícita de un feto facilitada o causada intencionalmente por una persona","Aborto ilegal; delitos relacionados con el aborto tal como los define la legislación nacional; ocultamiento del parto mediante la eliminación secreta del feto; abortos espontáneos y muertes prenatales intencionales; realización de un aborto ilegal; aborto de un feto en contra de la reglamentación sobre el aborto; aborto forzado","Aborto legal/feticidio legal; aborto realizado por una persona que carezca de conocimientos médicos (02071)","52 Muerte ilícita de un feto, tal como la define la legislación nacional. La muerte de un feto podría estar prohibida o restringida en función de las semanas de gestación y el peso del feto, prohibida en cualquier circunstancia, o prohibida por otros motivos. 53 Practicar un aborto a una mujer sin su consentimiento previo e informado..."
107,"Homicidio ilícito relacionado con conflictos armados","El homicidio ilícito en situaciones de conflictos armados que no equivalen a crímenes de guerra. - Crimen de guerra, tal como se define en 1101.","Homicidio a manos de un combatiente que se considera delito en la legislación nacional (y enjuiciado como tal) pero que no equivale a un crimen de guerra","Homicidio cometido durante un conflicto armado considerado homicidio intencional (0101); homicidio relacionado con conflictos armados considerado crimen de guerra (11013)",""
109,"Otros actos que causan la muerte o que tienen la intención de causar la muerte","Actos que causan la muerte o que tienen la intención de causar la muerte de una persona cometidos por otra persona que no se describen en las categorías 0101 a 0107.","Negativa a ofrecer ayuda que acarrea la muerte","Aplicar todas las exclusiones enumeradas en 0101 a 0107",""
201,"Agresiones y amenazas","Uso de la fuerza para causar lesiones o daños o la amenaza de causar lesiones o daños.","Aplicar todas las inclusiones enumeradas en 02011 a 02019","Agresión grave que causa la muerte (0101); todos los actos lesivos de naturaleza sexual (03); uso de la fuerza con el fin de apropiarse de bienes (04); amenaza de uso de la fuerza para exigir a una persona un curso de acción determinado (0205)",""
2011,"Agresión","Aplicación intencional o imprudente de fuerza física sobre el cuerpo de una persona. - Actuación temeraria, tal como se define en la nota 54.","Aplicar todas las inclusiones enumeradas en 020111 y 020112","Aplicar todas las exclusiones enumeradas en 0201","54 La actuación imprudente se refiere, como mínimo, a la actuación sin pensar ni tener en cuenta las consecuencias de una acción."
20111,"Agresión grave","Aplicación intencional o imprudente de fuerza física intensa sobre el cuerpo de una persona que provoca lesiones corporales graves. - Actuación temeraria, tal como se define en la nota 54.","Lesiones corporales graves, heridas; agresión con agravante; lesiones corporales provocadas en circunstancias agravantes, lesiones corporales; ataques con ácido; mutilación genital femenina; envenenamiento; agresión con arma; esterilización forzada; obtención de sangre, órganos o tejidos humanos mediante la violencia","Amenaza de infligir lesiones corporales graves (020121): tortura (11011); aplicar todas las exclusiones enumeradas en 02011","54 La actuación imprudente se refiere, como mínimo, a la actuación sin pensar ni tener en cuenta las consecuencias de una acción. 55 Las lesiones corporales graves incluyen, como mínimo, heridas de bala; heridas de cuchillo o puñal; amputación de miembros; fractura de huesos o pérdida de dientes; lesiones internas; golpes que hagan perder la conciencia; y otras lesiones severas o graves. 56 La fuerza física intensa incluye, como mínimo, el hecho de recibir disparos, puñaladas o cortaduras; ser golpeado con un objeto; recibir un golpe de un objeto lanzado; el envenenamiento y otras formas de aplicación de la fuerza que puedan causar lesiones corporales graves."
20112,"Agresión leve","Aplicación intencional o imprudente de fuerza física leve sobre el cuerpo de una persona que no provoca heridas ni lesiones corporales leves. - Actuación temeraria, tal como se define en la nota 54.","Lesiones corporales leves; agresión simple; empujones, bofetadas, patadas, golpes; administración de drogas o adición de sustancias prohibidas a alimentos o bebidas","Amenaza de infligir lesiones corporales leves (020122); aplicar todas las exclusiones enumeradas en 02011","54 La actuación imprudente se refiere, como mínimo, a la actuación sin pensar ni tener en cuenta las consecuencias de una acción. 57 Las lesiones corporales leves incluyen, como mínimo, hematomas, cortaduras, arañazos, dientes fracturados o astillados, hinchazón, ojos amoratados y otras lesiones leves. 81 La fuerza física leve incluye, como mínimo, golpes, bofetadas, empujones, zancadillas, derribos y otras formas de aplicación de la fuerza que puedan causar lesiones corporales leves."
2012,"Amenaza","Cualquier tipo de comportamiento amenazador si se cree que la amenaza podría convertirse en realidad.","Aplicar todas las inclusiones enumeradas en 020121 a 020122","Amenaza de uso de la fuerza para exigir a una persona un curso de acción determinado (0205); amenaza a testigos, magistrados o funcionarios encargados de hacer cumplir la ley (08061); amenaza a votantes para influir en su voto (08071); amenaza de uso de la fuerza con el fin de apropiarse de bienes (0401); todos los actos lesivos de naturaleza sexual (03); captación, transporte, traslado, acogida o recepción de personas mediante amenazas de uso de la fuerza con fines de explotación (0204); aplicar todas las exclusiones enumeradas en 0201","58 El comportamiento amenazador es, como mínimo, un comportamiento intencional que causa temor de sufrir lesiones o daños."
20121,"Amenaza grave","Amenaza con la intención de causar la muerte o daños graves. - Amenaza, tal como se define en 02012.","Amenaza de muerte o de lesiones graves, amenaza de muerte o de lesiones graves a un familiar, amigo u otra persona","Aplicar todas las exclusiones enumeradas en 02012","58 El comportamiento amenazador es, como mínimo, un comportamiento intencional que causa temor de sufrir lesiones o daños. 59 Los daños graves incluyen, como mínimo, lesiones corporales graves o fuerza física intensa, como se definen en la nota 13 [Nota del sistema: En el documento original la nota 59 refiere a la nota 13, la cual define lesiones graves]."
20122,"Amenaza leve","Amenaza con la intención de causar daños leves. - Amenaza, tal como se define en 02012.","Amenaza de lesiones leves, amenaza de lesiones leves a un familiar o amigo","Aplicar todas las exclusiones enumeradas en 02012","58 El comportamiento amenazador es, como mínimo, un comportamiento intencional que causa temor de sufrir lesiones o daños. 60 Los daños leves incluye, como mínimo, lesiones corporales leves o fuerza física leve, como se definen en la nota 58."
2019,"Otras formas de agresiones y amenazas","Actos que causan o amenazan con causar lesiones o daños no descritos ni clasificados en las categorías 02011 y 02012.","","Aplicar todas las exclusiones enumeradas en 0201",""
202,"Actos contra la libertad","Impedir o limitar el movimiento o la libertad de una persona.","Aplicar todas las inclusiones enumeradas en 02021 a 02029","Esclavitud y explotación (0203); trata de personas (0204); actos contra la libertad o tendientes al control de la expresión (0803); todos los actos de naturaleza sexual (03)","61 La libertad se refiere en este caso, como mínimo, a la libertad en la esfera pública, la libertad del cautiverio, la opresión o el gobierno despótico."
2021,"Secuestro de menores","Sustraer a un menor de su tutor legal o progenitor que tenga la custodia, ocultarlo o retenerlo ilegalmente.","Aplicar todas las inclusiones enumeradas en 020211 a 020219","Detención ilegal de una persona con la finalidad de exigir por su liberación un beneficio ilícito (020221); adopción ilegal (020291); aplicar todas las exclusiones enumeradas en 0202",""
20211,"Secuestro por progenitores","Secuestro de un menor por un progenitor que no tenga la custodia exclusiva. - Secuestro de menores, tal como se define en 02021.","Secuestro internacional por progenitores, secuestro nacional por progenitores","Aplicar todas las exclusiones enumeradas en 02021",""
20212,"Secuestro por otro familiar","Secuestro de un menor por otro familiar que no sea uno de sus progenitores y no tenga la custodia exclusiva. - Secuestro de menores, tal como se define en 02021.","","Aplicar todas las exclusiones enumeradas en 02021",""
20213,"Secuestro por un tutor legal","Secuestro de un menor por un tutor legal que no sea uno de sus progenitores u otro familiar que no tenga la custodia exclusiva. - Secuestro de menores, tal como se define en 02021.","","Aplicar todas las exclusiones enumeradas en 02021",""
20219,"Otras formas de secuestro de menores","Otras formas de secuestro de menores no descritas ni clasificadas en las categorías 020211 a 020213. - Secuestro de menores, tal como se define en 02021.","","Aplicar todas las exclusiones enumeradas en 02012 [sic]",""
2022,"Privación de libertad","Detención ilícita de una o varias personas en contra de su voluntad.","Secuestro; retención ilegal; secuestro de vehículos; aplicar todas las inclusiones enumeradas en 020221 a 020229","Secuestro de menores (02021); aplicar todas las exclusiones enumeradas en 0202",""
20221,"Secuestro","Sustracción y detención ilícitas de una o varias personas en contra de su voluntad (incluso mediante el uso de la fuerza, amenaza, fraude o persuasión) con la finalidad de exigir por su liberación un provecho ilícito, cualquier otra utilidad de tipo económico u otro beneficio de orden material, u obligar a alguien a que haga o deje de hacer algo.","Secuestro; secuestro exprés","Secuestro de menores (02021); trata de personas (0204); adopción ilegal (020291); toma de rehenes (020222); aplicar todas las exclusiones enumeradas en 02022",""
20222,"Retención ilegal","Detención ilícita de una o varias personas en contra de su voluntad (incluso mediante el uso de la fuerza, amenaza; fraude o persuasión), sin trasladar a la persona a otro lugar.","Toma de rehenes; privación arbitraria de libertad; privación ilícita de libertad; detención ilícita; desaparición forzada","Secuestro de menores (02021); trata de personas (0204); adopción ilegal (020291); matrimonio forzado (020292); detención ilegal de una persona con la finalidad de exigir por su liberación un provecho ilícito (020221); aplicar todas las exclusiones enumeradas en 02022","62 Las desapariciones forzadas se producen cuando ""se arreste, detenga o traslade contra su voluntad a las personas o cuando estas resulten privadas de su libertad de alguna otra forma por agentes gubernamentales..."""
20223,"Secuestro de vehículos","Apoderamiento ilícito de un vehículo con sus ocupantes mediante el uso de la fuerza o la amenaza de uso de la fuerza. - Vehículo, tal como se define en la nota 49.","Secuestro de aeronaves, automóviles, autobuses, embarcaciones u otro vehículo de motor","Secuestro relacionado con datos electrónicos o comunicaciones (0903); actos de violencia, detención, violación o depredación cometidos con un propósito personal por la tripulación o los pasajeros de un buque privado o de una aeronave privada y dirigidos contra un buque o una aeronave en la alta mar o contra personas o bienes a bordo de ellos (11012); hurto de vehículos de motor u otros tipos de hurto (0502); robo (0401); aplicar todas las exclusiones enumeradas en 02022","49 Un vehículo es, como mínimo, un dispositivo o estructura para el transporte de personas u objetos e incluye automóviles, motocicletas, camiones, autobuses, trenes, embarcaciones, aeronaves, bicicletas, caballos, tractores, etc."
20229,"Otras formas de privación de libertad","Privación de libertad no descrita ni clasificada en las categorías 020221 a 020223.","","Aplicar todas las exclusiones enumeradas en 02022",""
2029,"Otros actos contra la libertad","Actos contra la libertad no descritos ni clasificados en las categorías 02021 y 02022. - Libertad, tal como se define en la nota 61.","Adopción ilegal; matrimonio forzado; aplicar todas las inclusiones enumeradas en 020291 a 02039","Aplicar todas las exclusiones enumeradas en 0202","61 La libertad se refiere en este caso, como mínimo, a la libertad en la esfera pública, la libertad del cautiverio, la opresión o el gobierno despótico."
20291,"Adopción ilegal","Adopción ilícita de un menor o preparar, entregar o controlar ilegalmente a un menor con fines de adopción","Adopción fraudulenta; adopción ilegal","Secuestro de menores (02021); trata de personas (0204); toma de rehenes (020222); aplicar todas las exclusiones enumeradas en 02029","63 Naciones Unidas. Departamento de Asuntos Económicos y Sociales. Child Adoption: Trends and Policies. 2009. 64 Naciones Unidas. División para el Adelanto de la Mujer..."
20292,"Matrimonio forzado","Matrimonio sin consentimiento válido o con consentimiento obtenido mediante intimidación, fuerza, fraude, coacción, amenazas, engaño, uso de drogas o alcohol, abuso de poder o de una situación de vulnerabilidad","Matrimonio forzoso, matrimonio infantil","Secuestro de menores (02021); trata de personas con fines de matrimonio forzado (02044); toma de rehenes (020222); esclavitud y explotación (0203); aplicar todas las exclusiones enumeradas en 02029",""
20299,"Otros actos contra la libertad","Actos contra la libertad no descritos ni clasificados en las categorías 020291 y 020292. - Libertad, tal como se define en la nota 61.","","Secuestro de menores (02021); trata de personas (0204); toma de rehenes (020222); aplicar todas las exclusiones enumeradas en 02029","61 La libertad se refiere en este caso, como mínimo, a la libertad en la esfera pública, la libertad del cautiverio, la opresión o el gobierno despótico."
203,"Esclavitud y explotación","Acto de impedir o limitar el movimiento de una persona con fines de explotación para obtener beneficios financieros o de otro tipo que no equivale a trata de personas.","Aplicar todas las inclusiones enumeradas en 02031 a 02039","Trata de personas (0204); explotación sexual (0302); matrimonio forzado (020292); actos que constituyen violaciones del derecho laboral (0808)",""
2031,"Esclavitud","Captura, adquisición o cesión ilícita de una persona con la intención de reducirla al estado o condición respecto de la cual se ejercen todos o parte de los poderes atribuidos al derecho de propiedad; todo acto de adquisición de un esclavo con intención de venderlo o de cambiarlo; todo acto de cesión por venta o cambio de un esclavo, adquirido con intención de venderlo o cambiarlo, y todo acto de comercio o de transporte de esclavos.","Esclavitud; servidumbre por deudas; trabajo o servidumbre cautivos; servidumbre involuntaria","Trabajo o servicios ilícitos exigidos a una persona bajo la amenaza de una pena cualquiera y para el cual dicha persona no se ofrece voluntariamente (02032); aplicar todas las exclusiones enumeradas en 0203",""
2032,"Trabajo forzoso","Trabajo o servicio ilícito exigido a una persona bajo la amenaza de una pena cualquiera y para el cual dicha persona no se ofrece voluntariamente.","Aplicar todas las inclusiones enumeradas en 020321 a 020329","Esclavitud (02031); trata de personas con fines de trabajo o servicios forzosos (02042); aplicar todas las exclusiones enumeradas en 0203",""
20321,"Trabajo forzoso en servicios domésticos","Trabajo forzoso para prestar servicios a hogares particulares de terceros. - Trabajo forzoso, tal como se definen en 02032.","Trabajo doméstico forzoso; explotación en el trabajo doméstico","Aplicar todas las exclusiones enumeradas en 02032",""
20322,"Trabajo forzoso en servicios industriales","Trabajo forzoso para prestar servicios a la industria. - Trabajo forzoso, tal como se define en 02032.","Trabajo forzoso en la agricultura, construcción, manufacturas, entretenimiento, pesca, talleres clandestinos, explotaciones agrícolas","Aplicar todas las exclusiones enumeradas en 02032","65 Organización Internacional del Trabajo. Convenio sobre el Trabajo Forzoso, 1930..."
20323,"Trabajo forzoso para el Estado o las fuerzas armadas","Trabajo forzoso para prestar servicios al Estado o las fuerzas armadas. - Trabajo forzoso, tal como se define en 02032.","Trabajo ilícito en campamentos de trabajo","Reclutamiento o alistamiento de niños soldados (110135); aplicar todas las exclusiones enumeradas en 02032",""
20329,"Otras formas de trabajo forzoso","Trabajo forzoso no descrito ni clasificado en las categorías 020321 a 020323. - Trabajo forzoso, tal como se definen en 02032.","Mendicidad forzada","Aplicar todas las exclusiones enumeradas en 02032",""
2039,"Otros actos de esclavitud y explotación","Esclavitud y explotación no descritas ni clasificadas en las categorías 02031 y 02032.","","Aplicar todas las exclusiones enumeradas en 0203",""
204,"Trata de personas","La captación, el transporte, el traslado, la acogida o la recepción de personas, recurriendo a la amenaza o el uso de la fuerza u otras formas de coacción, al rapto, al fraude, al engaño, al abuso de poder o de una situación de vulnerabilidad o a la concesión o recepción de pagos o beneficios para obtener el consentimiento de una persona que tenga autoridad sobre otra, con fines de explotación. Esa explotación incluirá, como mínimo, la explotación de la prostitución ajena u otras formas de explotación sexual, los trabajos o servicios forzosos, la esclavitud o las prácticas análogas a la esclavitud, la servidumbre o la extracción de órganos.","Trata de adultos, trata de niños; aplicar todas las inclusiones enumeradas en 02041 a 02044","Esclavitud (02031); trabajo forzoso (02032); actos que constituyen violaciones del derecho laboral (0808); matrimonio forzado (020292); todos los actos lesivos de naturaleza sexual (03); agresiones y amenazas (0201); actos contra la libertad (0202); actos contrarios a las normas de conducta sexual orientadas al mantenimiento del orden público (0802); tráfico ilícito de migrantes y otros delitos relacionados con la migración (0805)","66 Naciones Unidas. Protocolo para Prevenir, Reprimir y Sancionar la Trata de Personas, Especialmente Mujeres y Niños..."
2041,"Trata de personas con fines de explotación sexual","Trata de personas con fines de explotación sexual. - Trata de personas, tal como se define en 0204. - Explotación sexual, tal como se define en 0302.","Trata de personas con fines de explotación sexual; trata de personas con fines de explotación de la prostitución ajena; trata de personas con fines de explotación sexual comercial","Explotación sexual de adultos que no equivale a trata de personas (03021); aplicar todas las exclusiones enumeradas en 0204",""
2042,"Trata de personas con fines de trabajo o servicios forzosos","Trata de personas con fines de trabajos o servicios forzosos. - Trabajo forzoso, tal como se define en 02032.","Trata de personas con fines de trabajo forzoso; trata de personas con fines de esclavitud o prácticas análogas; trata de personas con fines de servidumbre contractual; trata de personas con fines de trabajo doméstico","Aplicar todas las exclusiones enumeradas en 0204","67 Los servicios se refieren, como mínimo, al trabajo obtenido de un individuo bajo amenaza y para el cual dicho individuo no se ha ofrecido voluntariamente."
2043,"Trata de personas con fines de extracción de órganos","Trata de personas con fines de extracción de órganos. - Trata de personas, tal como se define en 0204.","Trata de personas con fines de extracción de órganos; trata de personas para extracción del hígado","Actos que ponen en peligro la salud (02061); actos contra la salud y la seguridad (0902); aplicar todas las exclusiones enumeradas en 0204","68 Por órgano se entiende una parte diferenciada y vital del cuerpo humano, formada por diferentes tejidos, que mantiene su estructura, vascularización y capacidad para desarrollar funciones fisiológicas con un nivel de autonomía importante."
2044,"Trata de personas con otros fines","Trata de personas con otros fines de explotación no descrito ni clasificado en las categorías 02041 a 02043. - Trata de personas, tal como se define en 0204.","Trata de personas con fines de matrimonio forzado; trata de personas para que sirvan como jinetes de camellos; trata de personas para que cometan delitos","Aplicar todas las exclusiones enumeradas en 0204",""
205,"Coacción","Exigir un curso de acción determinado mediante el uso de la fuerza, amenazas, intimidación, amenazas de revelar información comprometedora, o amenazas de difamación. - Difamación, tal como se describe en 0209.","Coacción; extorsión; chantaje; aplicar todas las inclusiones enumeradas en 02051 a 02059","Adquisición de servicios sexuales bajo coacción y todo acto lesivo de naturaleza sexual (03); apropiarse de bienes mediante el uso de la fuerza, amenazas o amenazas de uso de la fuerza (0401); trata de personas (0204); esclavitud y explotación (0203); agresiones y amenazas (0201); actos dirigidos a provocar miedo o angustia emocional (0207); amenaza a testigos, magistrados o funcionarios encargados de hacer cumplir la ley (08061); amenaza a votantes para influir en su voto (08071); difamación o insulto (0209)",""
2051,"Extorsión o chantaje","Exigir un curso de acción determinado mediante amenaza escrita o verbal.","Extorsión de personas, empresas o instituciones","Aplicar todas las exclusiones enumeradas en 0205","69 Un curso de acción determinado incluye, como mínimo, la entrega de bienes o dinero, o la prestación de servicios o beneficios. La amenaza escrita o verbal se refiere, como mínimo, a la amenaza de revelar información, amenaza de difamación, amenaza de uso de la fuerza, amenaza de lesiones corporales, o amenaza de enjuiciamiento penal."
2059,"Otros actos de coacción","Actos de coacción no descritos ni clasificados en 02051. - Coacción, tal como se define en 0205.","","Aplicar todas las exclusiones enumeradas en 0205",""
206,"Negligencia","Lesiones corporales o posibilidad de infligir lesiones corporales debido al comportamiento negligente, imprudente o descuidado de una persona. - Negligencia, tal como se define en la nota 48. - Actuación temeraria, tal como se define en la nota 54.","Aplicar todas las inclusiones enumeradas en 02061 a 02069","Homicidio provocado por negligencia (01032); infligir lesiones corporales o provocarlas como resultado de un acto peligroso (0207)","48 La negligencia se refiere al hecho de no ejercer el cuidado que tendría hacia el prójimo una persona razonable o prudente en determinadas circunstancias, o proceder de una manera en que una persona razonable no procedería. 54 La actuación imprudente se refiere, como mínimo, a la actuación sin pensar ni tener en cuenta las consecuencias de una acción."
2061,"Negligencia en situaciones de personas bajo cuidado","Lesiones corporales o posibilidad de infligir lesiones corporales debido a la negligencia de una persona que tiene la obligación legal de darle atención a otra persona o que es responsable de su cuidado. - Negligencia, tal como se define en la nota 48.","Aplicar todas las inclusiones enumeradas en 020611 a 020619","Aplicar todas las exclusiones enumeradas en 0206","48 La negligencia se refiere al hecho de no ejercer el cuidado que tendría hacia el prójimo una persona razonable o prudente en determinadas circunstancias. 70 La obligación de cuidado se refiere, como mínimo, al requisito de que una persona actúe respecto del prójimo y el público con el cuidado, la atención, la cautela y la prudencia que ejercería una persona razonable en las mismas circunstancias."
20611,"Negligencia en situaciones de menores bajo cuidado","Lesiones corporales o posibilidad de infligir lesiones corporales a un menor debido a la negligencia de una persona que tiene la obligación legal o que es responsable de atenderlo o cuidarlo. - Negligencia, tal como se define en la nota 48. - Obligación de cuidado, tal como se define en la nota 70. - Menor, tal como se define en la legislación nacional.","Desatención de un menor bajo cuidado; desatención de niños; abandono de niños","Aplicar todas las exclusiones enumeradas en 02061","48 La negligencia se refiere al hecho de no ejercer el cuidado que tendría hacia el prójimo una persona razonable o prudente en determinadas circunstancias. 70 La obligación de cuidado se refiere, como mínimo, al requisito de que una persona actúe respecto del prójimo y el público con el cuidado, la atención, la cautela y la prudencia que ejercería una persona razonable en las mismas circunstancias."
20612,"Negligencia en situaciones de otras personas dependientes bajo cuidado","Lesiones corporales o posibilidad de infligir lesiones corporales a un adulto dependiente debido a la negligencia de una persona que tiene la obligación legal o que es responsable de atenderlo o cuidarlo. - Negligencia, tal como se define en la nota 48. - Obligación de cuidado, tal como se define en la nota 70.","Desatención de una persona de edad avanzada; desatención de un adulto bajo cuidado; desatención de una persona de edad avanzada bajo cuidado; abandono de una persona de edad avanzada que requiere atención","Aplicar todas las exclusiones enumeradas en 02061","48 La negligencia se refiere al hecho de no ejercer el cuidado que tendría hacia el prójimo una persona razonable o prudente en determinadas circunstancias. 70 La obligación de cuidado se refiere, como mínimo, al requisito de que una persona actúe respecto del prójimo y el público con el cuidado, la atención, la cautela y la prudencia que ejercería una persona razonable en las mismas circunstancias. 71 Una persona dependiente es, como mínimo, una persona que depende de una o más personas para recibir atención y apoyo y que se vería en peligro si se le retiraran esa atención y apoyo."
20619,"Otras formas de negligencia en situaciones de personas bajo cuidado","Lesiones corporales o posibilidad de infligir lesiones corporales debido a la negligencia de una persona que tiene la obligación legal de darle atención a otra persona o que es responsable de su cuidado, no descritas ni clasificados en las categorías 020611 a 020612. - Negligencia, tal como se define en la nota 48. - Obligación de cuidado, tal como se define en la nota 70.","Negligencia relacionada con la familia; violación de las obligaciones relacionadas con la familia; desatención de las necesidades de sirvientes o aprendices","Negligencia relacionada con el debido cuidado de las mascotas (10091); aplicar todas las exclusiones enumeradas en 02061","48 La negligencia se refiere al hecho de no ejercer el cuidado que tendría hacia el prójimo una persona razonable o prudente en determinadas circunstancias. 70 La obligación de cuidado se refiere, como mínimo, al requisito de que una persona actúe respecto del prójimo y el público con el cuidado, la atención, la cautela y la prudencia que ejercería una persona razonable en las mismas circunstancias."
2062,"Negligencia profesional","Lesiones corporales o posibilidad de infligir lesiones corporales causadas por una persona que descuida el desempeño de las obligaciones profesionales que una persona razonable desempeñaría en su profesión.","Negligencia médica en las recetas; negligencia grave en la realización de procedimientos médicos; mala praxis; actos negligentes graves en el desempeño de obligaciones profesionales; negligencia criminal de pilotos, capitanes de barcos y otros operadores profesionales de vehículos","Negligencia profesional que cause la muerte (010322); aplicar todas las exclusiones enumeradas en 0206",""
2063,"Negligencia relacionada con la conducción de un vehículo","Lesiones corporales o posibilidad de infligir lesiones corporales debido a un comportamiento negligente, imprudente o descuidado mientras se tiene el control de un vehículo. - Negligencia, tal como se define en la nota 48. - Actuación temeraria, tal como se define en la nota 54. - Vehículo, tal como se define en la nota 49.","Conducción o utilización de un vehículo de forma negligente; envío de mensajes de texto mientras se conduce; negligencia relacionada con la obligación de proceder con cuidado al utilizar un vehículo de motor; atropello con fuga que cause lesiones corporales","Negligencia criminal de pilotos, capitanes de barcos y otros operadores profesionales de vehículos (02062); utilización de un vehículo bajo los efectos de sustancias psicoactivas (02072); causar la muerte de una persona por conducir de forma negligente (010321); aplicar todas las exclusiones enumeradas en 0206","48 La negligencia se refiere al hecho de no ejercer el cuidado que tendría hacia el prójimo una persona razonable o prudente en determinadas circunstancias. 49 Un vehículo es, como mínimo, un dispositivo o estructura para el transporte de personas u objetos... 54 La actuación imprudente se refiere, como mínimo, a la actuación sin pensar ni tener en cuenta las consecuencias de una acción."
2069,"Otros actos de negligencia","Lesiones corporales o posibilidad de infligir lesiones corporales debido a un comportamiento negligente, imprudente o descuidado no descrito ni clasificado en las categorías 02061 a 02063. - Negligencia, tal como se define en la nota 48. - Actuación temeraria, tal como se define en la nota 54.","Omisión del deber de socorrer a un herido; infracciones de negligencia peatonal","Aplicar todas las exclusiones enumeradas en 0206","48 La negligencia se refiere al hecho de no ejercer el cuidado que tendría hacia el prójimo una persona razonable o prudente en determinadas circunstancias. 54 La actuación imprudente se refiere, como mínimo, a la actuación sin pensar ni tener en cuenta las consecuencias de una acción."
207,"Actos peligrosos","Lesiones corporales o posibilidad de infligir lesiones corporales provocadas por un comportamiento o un acto peligroso de una persona a sabiendas de que el acto puede causar daño.","Aplicar todas las inclusiones enumeradas en 02071 a 02079","Actos o comportamientos peligrosos que causen la muerte (01); lesiones corporales provocadas por un acto negligente (0206)","72 Un acto peligroso es, como mínimo, un acto o comportamiento que puede causar o es probable que cause lesiones o daños."
2071,"Actos que ponen en peligro la salud","Actos que ponen en peligro la salud o que tienen el potencial de poner en peligro la salud como resultado de un acto peligroso. - Peligroso, tal como se define en la nota 72.","Adulteración de alimentos o medicamentos; venta de bebidas o alimentos nocivos; obtención, venta o distribución ilícitas de pegamentos, disolventes u otras sustancias que se prestan al abuso por intoxicación; transmisión dolosa del VIH/SIDA","Dañar la salud de una persona por descuido profesional (02062); falsificación de medicamentos y de productos de venta con receta (07022); aplicar todas las exclusiones enumeradas en 0207","72 Un acto peligroso es, como mínimo, un acto o comportamiento que puede causar o es probable que cause lesiones o daños. 73 La salud es, como mínimo, la condición de estar libre de enfermedades o lesiones. 74 Por adulteración de alimentos o medicamentos se entiende la modificación de la pureza de esos productos para dar una falsa impresión o valor u ocultar defectos, mediante la adición de una sustancia extraña..."
2072,"Utilización de un vehículo bajo los efectos de sustancias psicoactivas","Utilizar un vehículo bajo los efectos de sustancias psicoactivas u otras drogas sujetas a fiscalización y causar lesiones corporales o la posibilidad de infligir lesiones corporales a una persona. - Sustancia psicoactiva, tal como se define en la nota 98. - Vehículo, tal como se define en la nota 49.","Causar lesiones por conducir o utilizar un vehículo bajo los efectos del alcohol o las drogas; aplicar todas las inclusiones enumeradas en 020721 a 020729","Causar la muerte por la utilización de un vehículo bajo los efectos de sustancias psicoactivas (010321); infracciones de tráfico no lesivas (0907); actos ilícitos relacionados con drogas o precursores sujetos a fiscalización (0601); robo temporal u otra utilización ilegal de un vehículo de motor (050212); negligencia relacionada con la conducción de un vehículo (02063); aplicar todas las exclusiones enumeradas en 0207","98 Las drogas sujetas a fiscalización son estupefacientes y sustancias sicotrópicas clasificadas como tales con arreglo a la Convención Única de 1961... 49 Un vehículo es, como mínimo, un dispositivo o estructura para el transporte de personas u objetos..."
20721,"Utilización de un vehículo bajo los efectos del alcohol","Utilizar un vehículo bajo los efectos del alcohol y lesiones corporales o la posibilidad de infligir lesiones corporales a una persona. - Vehículo, tal como se define en la nota 49.","Conducción de un vehículo bajo los efectos del alcohol; causar un accidente bajo los efectos del alcohol","Actos ilícitos relacionados con el alcohol (0602); aplicar todas las exclusiones enumeradas en 02072","49 Un vehículo es, como mínimo, un dispositivo o estructura para el transporte de personas u objetos..."
20722,"Utilización de un vehículo bajo los efectos de drogas ilícitas","Utilizar un vehículo bajo los efectos de drogas ilícitas y causar lesiones corporales o la posibilidad de infligir lesiones corporales a una persona. - Drogas ilícitas, tal como se definen en la nota 98. - Vehículo, tal como se define en la nota 49.","Conducción bajo los efectos de drogas ilícitas; causar un accidente bajo los efectos de drogas ilícitas","Actos ilícitos relacionados con drogas o precursores sujetos a fiscalización (0601); aplicar todas las exclusiones enumeradas en 02072","98 Las drogas sujetas a fiscalización son estupefacientes y sustancias sicotrópicas clasificadas como tales con arreglo a la Convención Única de 1961... 49 Un vehículo es, como mínimo, un dispositivo o estructura para el transporte de personas u objetos..."
20729,"Utilización de un vehículo bajo los efectos de otras sustancias psicoactivas","Utilizar un vehículo bajo los efectos de otras sustancias psicoactivas y causar lesiones corporales o la posibilidad de infligir lesiones corporales a una persona. - Sustancia psicoactiva, tal como se define en la nota 98. - Vehículo, tal como se define en la nota 49.","","Actos relacionados con drogas sujetas a fiscalización u otras sustancias psicoactivas que no consistan en la utilización de un vehículo (06); aplicar todas las exclusiones enumeradas en 02072","98 Las drogas sujetas a fiscalización son estupefacientes y sustancias sicotrópicas clasificadas como tales con arreglo a la Convención Única de 1961... 49 Un vehículo es, como mínimo, un dispositivo o estructura para el transporte de personas u objetos..."
2079,"Otros actos peligrosos","Lesiones corporales o posibilidad de infligir lesiones corporales debido a un comportamiento o un acto peligroso no descritos ni clasificados en las categorías 02071 y 02072. - Peligroso, tal como se define en la nota 72.","Colocación de trampas para personas","Aplicar todas las exclusiones enumeradas en 0207","72 Un acto peligroso es, como mínimo, un acto o comportamiento que puede causar o es probable que cause lesiones o daños."
208,"Actos dirigidos a inducir miedo o angustia emocional","Miedo o angustia emocional causada por el comportamiento o las acciones de una persona. - La angustia emocional se refiere, como mínimo, al dolor mental o psicológico.","Acoso; ciberacoso; hostigamiento no sexual; llamadas persistentes a una persona; aplicar todas las inclusiones enumeradas en 02081 a 02089","Actos relacionados con expresiones de creencias y normas sociales controladas (08032); observación, acción o comunicación intencionales (manifestadas oralmente o de otro modo) por una persona que dañen la reputación, el respeto o la confianza de otra persona, o que den lugar a opiniones o sentimientos hostiles o desagradables (0209)",""
2081,"Hostigamiento","Actos que implican hostigamiento o la intención de hostigar a una persona.","Hostigamiento; distribución de material ofensivo; aplicar todas las inclusiones enumeradas en 020811 a 020819","Hostigamiento sexual (030122); exigir un curso de acción determinado mediante el uso de la fuerza, amenazas, intimidación, amenazas de revelar información comprometedora, o amenazas de difamación (0205); agresión y amenazas (0201); comunicación con la que se pretende dañar la reputación de una persona (0209); aplicar todas las exclusiones enumeradas en 0208","75 El hostigamiento se refiere, como mínimo, al comportamiento indebido dirigido a una persona, o con intención de ofenderla, por otra persona que sabía razonablemente que el comportamiento era ofensivo."
20811,"Hostigamiento en el trabajo","Hostigamiento por un colega, supervisor u otro compañero de trabajo en un entorno laboral o relacionado con el empleo. - Hostigamiento, tal como se define en la nota 75.","Hostigamiento en el trabajo; mobbing; acoso laboral","Aplicar todas las exclusiones enumeradas en 02081","75 El hostigamiento se refiere, como mínimo, al comportamiento indebido dirigido a una persona, o con intención de ofenderla, por otra persona que sabía razonablemente que el comportamiento era ofensivo."
20819,"Otras formas de hostigamiento","Hostigamiento por una persona en un entorno no laboral ni relacionado con el empleo. - Hostigamiento, tal como se define en la nota 75.","Hostigamiento o acoso fuera del lugar de trabajo; llamadas telefónicas amenazantes que no equivalen a acoso; perturbación a un particular; actos que causan alarma o angustia","Aplicar todas las exclusiones enumeradas en 02081","75 El hostigamiento se refiere, como mínimo, al comportamiento indebido dirigido a una persona, o con intención de ofenderla, por otra persona que sabía razonablemente que el comportamiento era ofensivo."
2082,"Acoso","Comunicación no deseada, seguimiento o vigilancia de una persona.","Acoso cibernético; acoso","Acoso de naturaleza sexual (030122); intromisión ilícita e injustificada en la intimidad de una persona (0211); aplicar todas las exclusiones enumeradas en 0208",""
2089,"Otros actos dirigidos a inducir miedo o angustia emocional","Miedo o angustia emocional debido a un comportamiento o acción que no estén descritos ni clasificados en las categorías 02081 a 02082.","Violencia psicológica","Aplicar todas las exclusiones enumeradas en 0208",""
209,"Difamación o insulto","Observación, acción o comunicación intencionales (manifestadas oralmente o de otro modo) por una persona que dañen la reputación, el respeto o la confianza de otra persona, o que den lugar a opiniones o sentimientos hostiles o desagradables.","Difamación; libelo; insulto; calumnia; injuria; aplicar todas las inclusiones enumeradas en 02091 a 02099","Amenaza de difamación o insulto para exigir un curso de acción determinado (0205); comportamiento indebido sin la intención de causar daño a la reputación de una persona (0208)",""
2091,"Difamación o insulto debido a las características de la víctima o a los atributos que se le imputan","Difamación o insulto basados en las características de la víctima o los atributos que se le imputan. - Difamación o insulto, tal como se describen en 0209.","Difamación; libelo; insulto; calumnia; injuria","Amenaza de difamación o insulto para imponer una exigencia determinada (0205); comportamiento indebido sin la intención de causar daño a la reputación de una persona (0208)","76 Las características y atributos incluyen, como mínimo, sexo, género, orientación sexual, edad, idioma, origen étnico, discapacidad o raza."
2092,"Difamación o insulto debido a las creencias o valores que se le imputan a la víctima","Difamación o insulto basados en las creencias o valores que se le imputan a la víctima. - Difamación o insulto, tal como se describen en 0209.","Insulto o difamación basados en la religión o las opiniones políticas, sociales o económicas","Los delitos entre cuyos factores de motivación se encuentran las creencias y valores de la víctima se identifican con la etiqueta de motivación; distinción, exclusión, restricción o preferencia ilícitas basadas en creencias o valores (0210); aplicar todas las exclusiones enumeradas en 0209","77 Las creencias o valores incluyen, como mínimo, las creencias religiosas, las opiniones políticas o las opiniones económicas y sociales."
2099,"Otras formas de difamación o insulto","Difamación o insulto no descritos ni clasificados en las categorías 02091 a 02092. - Difamación o insulto, tal como se describen en 0209.","Difamación, libelo, insulto, calumnia, injuria cuando no se registra el motivo de la difamación o el insulto; difamación o insulto al honor y la dignidad","Aplicar todas las exclusiones enumeradas en 0209",""
210,"Discriminación","Distinción, exclusión, restricción, trato ilegal o preferencia basada en la raza, color, edad, género, idioma, religión, opinión, linaje u origen nacional o étnico que menoscabe o impida el reconocimiento, goce o ejercicio, en condiciones de igualdad, de los derechos humanos y libertades fundamentales en las esferas política, económica, social, cultural o en cualquier otra esfera de la vida pública.","Discriminación de personas, discriminación de grupos, discriminación sobre la base de las creencias, valores, atributos y características que se les imputan; aplicar todas las inclusiones enumeradas en 02101 a 02109","Actos relacionados con la libertad o el control de la expresión (0803)","78 Naciones Unidas. Convención Internacional sobre la Eliminación de todas las Formas de Discriminación Racial. 1969."
2101,"Discriminación de personas","Discriminación y trato ilícito infligido a una persona. - Discriminación, tal como se define en 0210.","Discriminación en el empleo, discriminación en relación con el sueldo, discriminación de una persona en relación con la vivienda","Discriminación de grupos (02102)",""
2102,"Discriminación de grupos","Discriminación y trato ilícito infligido a un grupo de personas como colectivo. - Discriminación, tal como se define en 0210.","Discriminación en el empleo, discriminación en relación con el sueldo, discriminación de un grupo en relación con la vivienda; discriminación de determinados grupos basada en el género, sexo, edad, discapacidad, raza, orientación sexual, religión o las opiniones políticas, sociales o económicas","Actos relacionados con la libertad o el control de la expresión de un grupo (0803); discriminación de personas (02101)",""
2109,"Otras formas de discriminación","Discriminación y trato ilícito no descritos ni clasificados en las categorías 02101 y 02102. - Discriminación, tal como se define en 0210.","Incitación a practicar la discriminación de personas o grupos","Aplicar todas las exclusiones enumeradas en 0210",""
211,"Transgresiones contra las personas","Intromisión ilícita e injustificada en la intimidad u otros derechos de una persona.","Aplicar todas las inclusiones enumeradas en 02111 a 02119","Injerencia en datos informáticos o sistemas informáticos que no constituya una intromisión en la intimidad de una persona (0903); seguimiento, vigilancia o comunicación no deseada de una persona por otra persona (02082); invasión de la intimidad sexual u otros actos de naturaleza sexual (03); violación de domicilio (0509)","79 La intimidad es, como mínimo, la autonomía individual de una persona o la condición de ser libre de ser observado o molestado por otros."
2111,"Invasión de la intimidad","Invasión o intromisión en la intimidad. - Intimidad, tal como se define en la nota 79.","Violación de la intimidad; violación del secreto de la correspondencia; interceptación telefónica; invasión de la soledad o los intereses privados; injerencia en archivos informáticos privados; injerencia en la correspondencia","Aplicar todas las exclusiones enumeradas en 0211","79 La intimidad es, como mínimo, la autonomía individual de una persona o la condición de ser libre de ser observado o molestado por otros."
2119,"Otras transgresiones contra las personas","Intromisión ilícita e injustificada en la intimidad u otros derechos de una persona no descrita ni clasificada en 02111. - Intimidad, tal como se define en la nota 79.","Mutilación de cadáveres; tráfico de órganos humanos que no equivale a trata de personas con fines de extracción de órganos o tejidos; destrucción de sepulturas; utilización ilícita de cadáveres; profanación de tumbas","Aplicar todas las exclusiones enumeradas en 0211","79 La intimidad es, como mínimo, la autonomía individual de una persona o la condición de ser libre de ser observado o molestado por otros."
219,"Otros actos que causan daños o que tienen la intención de causar daños a las personas","Actos que causan daño o realizados con la intención de causar daño a una persona, no descritos ni clasificados en las categorías 0201 a 0211.","Maltrato mediante el abuso físico o la crueldad mental","Aplicar todas las exclusiones enumeradas en 0201 a 0211",""
301,"Violencia sexual","Acto sexual no deseado, intento de conseguir un acto sexual, o contacto o comunicación con atención sexual no deseada, sin consentimiento válido o con consentimiento obtenido mediante intimidación, fuerza, fraude, coacción, amenazas, engaño, uso de drogas o alcohol, o mediante el abuso de poder o de una situación de vulnerabilidad.","Aplicar todas las inclusiones enumeradas en 03011 y 03012","Actos de abuso de una situación de vulnerabilidad, poder o confianza, o uso de la fuerza o amenazas de uso de la fuerza, para sacar provecho material, social o político mediante la prostitución o los actos sexuales de una persona (0302); coacción (0205); delitos de prostitución, delitos de pornografía y otros actos contrarios a las normas de conducta sexual orientadas al mantenimiento del orden público, como el incesto, que no equivale a violación y exhibicionismo (0802); agresiones y amenazas (0201); esclavitud y explotación que no equivalen a actos lesivos de naturaleza sexual (0203); trata de personas con fines de explotación sexual (02041); hostigamiento y acoso (0208)",""
3011,"Violación","Penetración sexual sin consentimiento válido o con consentimiento obtenido mediante intimidación, fuerza, fraude, coacción, amenazas, engaño, uso de drogas o alcohol, abuso de poder o de una situación de vulnerabilidad, o concesión o recepción de beneficios.","Aplicar todas las inclusiones enumeradas en 030111 a 030119","Aplicar todas las exclusiones enumeradas en 0301","80 La penetración sexual se refiere, como mínimo, a la penetración de la vulva, el ano o la boca con cualquier parte del cuerpo u objeto."
30111,"Violación con uso de la fuerza","Penetración sexual sin consentimiento válido de la persona y con uso de la fuerza. - Penetración sexual, tal como se define en la nota 80.","Penetración sexual con fuerza física","Violación por presunción legal (030113); aplicar todas las exclusiones enumeradas en 03011","80 La penetración sexual se refiere, como mínimo, a la penetración de la vulva, el ano o la boca con cualquier parte del cuerpo u objeto."
30112,"Violación sin uso de la fuerza","Penetración sexual sin consentimiento válido de la persona y sin uso de la fuerza. - Penetración sexual, tal como se define en la nota 80.","Engaño para tener relaciones sexuales; violación facilitada por drogas; penetración sexual sin consentimiento y sin el uso de la fuerza física","Violación por presunción legal (030113); aplicar todas las exclusiones enumeradas en 03011","80 La penetración sexual se refiere, como mínimo, a la penetración de la vulva, el ano o la boca con cualquier parte del cuerpo u objeto."
30113,"Violación por presunción legal","Penetrar sexualmente a una persona menor de la edad mínima de consentimiento sexual, o una persona incapaz de dar su consentimiento por una razón jurídica, con o sin su consentimiento. - Penetración sexual, tal como se define en la nota 80.","Relaciones sexuales con una persona menor de la edad mínima de consentimiento sexual; relaciones sexuales con una persona incapaz de dar su consentimiento","Aplicar todas las exclusiones enumeradas en 03011","80 La penetración sexual se refiere, como mínimo, a la penetración de la vulva, el ano o la boca con cualquier parte del cuerpo u objeto."
30119,"Otras formas de violación","Violación no descrita ni clasificada en las categorías 030111 a 030113. - Violación, tal como se define en 03011.","","Aplicar todas las exclusiones enumeradas en 03011","80 La penetración sexual se refiere, como mínimo, a la penetración de la vulva, el ano o la boca con cualquier parte del cuerpo u objeto."
3012,"Agresión sexual","Acto sexual no deseado, intento de conseguir un acto sexual, o contacto o comunicación con atención sexual no deseada que no equivalen a violación. - Violación, tal como se define en 03011.","Agresión sexual facilitada por drogas; hostigamiento sexual; agresión sexual contra un cónyuge en contra de su voluntad; agresión sexual contra una persona indefensa; aplicar todas las inclusiones enumeradas en 030121 a 030129","Violación (03011); aplicar todas las exclusiones enumeradas en 0301",""
30121,"Agresión sexual física","Agresión sexual con contacto físico con la persona. - Agresión sexual, tal como se define en 03012.","Agresión sexual facilitada por drogas; tocamientos o manoseos no deseados; agresión sexual mediante el abuso de poder","Aplicar todas las exclusiones enumeradas en 03012",""
30122,"Agresión sexual no física","Agresión sexual sin contacto físico con la persona. - Agresión sexual, tal como se define en 03012.","Hostigamiento sexual; amenaza de naturaleza sexual","Aplicar todas las exclusiones enumeradas en 03012",""
30129,"Otros actos de agresión sexual no clasificados en otra parte","Agresión sexual que no esté descrita ni clasificada en las categorías 030121 y 030122. - Agresión sexual, tal como se define en 03012.","Voyerismo","Aplicar todas las exclusiones enumeradas en 03012","81 Por voyerismo se entiende la obtención de gratificación sexual mediante la observación de personas que no saben que son observadas y que están parcial o totalmente desnudas o realizando actos sexuales."
3019,"Otros actos de violencia sexual","Violencia sexual no descrita ni clasificada en las categorías 03011 y 03012. - Violencia sexual, tal como se define en 0301.","","Aplicar todas las exclusiones enumeradas en 0301",""
302,"Explotación sexual","Actos de abuso de una situación de vulnerabilidad, poder o confianza, o uso de la fuerza o amenazas de uso de la fuerza, para sacar provecho económico, físico, social o político mediante la prostitución o los actos sexuales de una persona.","Aplicar todas las inclusiones enumeradas en 03021 a 03029","Violación (03011); violencia sexual (0301); delitos de prostitución, delitos de pornografía y otros actos contrarios a las normas de conducta sexual orientadas al mantenimiento del orden público, como el incesto y el exhibicionismo (0802); abuso de funciones (07033); agresiones y amenazas (0201); esclavitud y explotación que no equivalen a actos lesivos de naturaleza sexual (0203); trata de personas con fines de explotación sexual (02041); hostigamiento y acoso (0207); delitos en razón de la condición de menor de edad (11021)","82 La prostitución se refiere, como mínimo, a la obtención de dinero u otras formas de remuneración a cambio de actividades sexuales."
3021,"Explotación sexual de adultos","Explotación sexual de un adulto. - Explotación sexual, tal como se define en 0302.","Captación, persuasión o adquisición de una persona para la prostitución; proxenetismo; mantenimiento, administración o financiación intencional de un prostíbulo; arrendamiento o alquiler intencional de un edificio u otro local con fines de prostitución ajena","Aplicar todas las exclusiones enumeradas en 0302",""
3022,"Explotación sexual de menores","Explotación sexual de un menor. - Explotación sexual, tal como se define en 0302. - Menor, tal como se define en la legislación nacional.","Posesión de pornografía infantil, creación de pornografía infantil, captación, persuasión, adquisición de un menor para la prostitución; proxenetismo; mantenimiento, administración o financiación intencional de un prostíbulo con fines de prostitución infantil; arrendamiento o alquiler intencional de un edificio u otro local con fines de prostitución infantil; aplicar todas las inclusiones enumeradas en 030221 a 030229","Violación de un menor por presunción legal (030113); aplicar todas las exclusiones enumeradas en 0302",""
30221,"Pornografía infantil","Captar, preparar, entregar o controlar a un menor con el fin de crear pornografía infantil o con fines de posesión, divulgación, transmisión, exhibición o venta de pornografía infantil. - Menor, tal como se define en la legislación nacional.","Posesión de pornografía infantil; distribución de pornografía infantil; creación de pornografía infantil; descarga de pornografía infantil, obtención de imágenes sexuales u otros tipos de materiales relacionados con el abuso de menores","Delitos de pornografía (08022); aplicar todas las exclusiones enumeradas en 03022","83 La pornografía infantil se refiere, como mínimo, a la representación visual de un menor que mantiene una conducta sexualmente explícita, una persona real que parezca ser menor de edad que participa en actos sexualmente explícitos, o imágenes realistas de un menor no existente que mantiene una conducta sexualmente explícita."
30222,"Prostitución infantil","Captación, persuasión o adquisición de un menor con fines de prostitución u obtención de los servicios sexuales de un menor prostituido. - Prostitución, tal como se define en la nota 82. - Menor, tal como se define en la legislación nacional.","Pago por los servicios sexuales de un menor, captación, persuasión o adquisición de un menor con fines de prostitución; proxenetismo, mantenimiento, administración o financiación intencional de un prostíbulo con fines de prostitución infantil; arrendamiento o alquiler intencional de un edificio u otro local con fines de prostitución infantil","Aplicar todas las exclusiones enumeradas en 03022","82 La prostitución se refiere, como mínimo, a la obtención de dinero u otras formas de remuneración a cambio de actividades sexuales. 84 Artículo 3 1) I b) del Protocolo facultativo de la Convención de las Naciones Unidas sobre los Derechos del Niño relativo a la venta de niños, la prostitución infantil y la utilización de niños en la pornografía, de 2000."
30223,"Captación de menores con fines sexuales","Entablar contacto con un menor, seguido de actos materiales que culminan en un encuentro con fines sexuales. - Menor, tal como se define en la legislación nacional.","Captación por Internet; entablar contacto con un menor por Internet y exponerlo gradualmente a materiales de contenido sexual explícito; entablar contacto personal con un menor con el fin de exponerlo gradualmente a materiales de contenido sexual explícito","Aplicar todas las exclusiones enumeradas en 0302","85 Consejo de Europa, Sexual violence against children – The European legislative framework and outline of Council of Europe conventions and European Union policy, pág. 63."
30229,"Otras formas de explotación sexual de menores","Explotación sexual de menores no descrita ni clasificada en las categorías 030221 a 030223. - Explotación sexual, tal como se define en 0302. - Menor, tal como se define en la legislación nacional.","Actos impúdicos con un menor; captación de un menor con artimañas; obligar a un menor a presenciar un acto sexual o a ver pornografía; utilización de niños en el turismo sexual","Aplicar todas las exclusiones enumeradas en 03022","86 La utilización de niños en el turismo sexual es la explotación sexual comercial de menores por personas que viajan de un lugar a otro con ese fin."
3029,"Otros actos de explotación sexual","Explotación sexual no descrita ni clasificada en las categorías 03021 y 03022. - Explotación sexual, tal como se define en 0302.","","Aplicar todas las exclusiones enumeradas en 0302",""
309,"Otros actos lesivos de naturaleza sexual","Actos lesivos de naturaleza sexual no descritos ni clasificados en las categorías 0301 y 0302.","","Violencia sexual (0301); explotación sexual (0302); coacción (0203); delitos de prostitución, delitos de pornografía y otros actos contrarios a las normas de conducta sexual orientadas al mantenimiento del orden público, como el incesto y el exhibicionismo (0802); abuso de funciones (07033); agresiones y amenazas (0201); esclavitud y explotación que no equivalen a actos lesivos de naturaleza sexual (0203); trata de personas con fines de explotación sexual (02041); hostigamiento y acoso (0207); aplicar todas las exclusiones enumeradas en 0301 y 0302",""